{
    "index": [
        0,
        1,
        2,
        3,
        4,
        5,
        6,
        7,
        8,
        9,
        10
    ],
    "columns": [
        0,
        1,
        2,
        3,
        4,
        5,
        6,
        7,
        8,
        9,
        10,
        11,
        12,
        13,
        14,
        15,
        16,
        17,
        18,
        19,
        20
    ],
    "data": [
        [
            2.5149070654176837,
            2.5149070654176837,
            2.5149070654176837,
            2.5149070654176837,
            2.5149070654176837,
            2.5149070654176837,
            2.5149070654176837,
            2.5149070654176837,
            2.5149070654176837,
            2.5149070654176837,
            2.5149070654176837,
            2.5149070654176837,
            2.5149070654176837,
            2.5149070654176837,
            2.5149070654176837,
            2.5149070654176837,
            2.5149070654176837,
            2.5149070654176837,
            2.5149070654176837,
            2.5149070654176837,
            2.5149070654176837
        ],
        [
            2.5149070654176837,
            2.5149070654176837,
            2.5149070654176837,
            2.5149070654176837,
            2.5149070654176837,
            2.5149070654176837,
            2.5149070654176837,
            2.5149070654176837,
            2.5149070654176837,
            2.5149070654176837,
            2.5149070654176837,
            2.5149070654176837,
            2.5149070654176837,
            2.5149070654176837,
            2.5149070654176837,
            2.5149070654176837,
            2.5149070654176837,
            2.5149070654176837,
            2.5149070654176837,
            2.5149070654176837,
            2.5149070654176837
        ],
        [
            2.5149070654176837,
            2.5149070654176837,
            2.5149070654176837,
            2.5149070654176837,
            2.5149070654176837,
            2.5149070654176837,
            2.5149070654176837,
            2.5149070654176837,
            2.5149070654176837,
            2.5149070654176837,
            2.5149070654176837,
            2.5149070654176837,
            2.5149070654176837,
            2.5149070654176837,
            2.5149070654176837,
            2.5149070654176837,
            2.5149070654176837,
            2.5149070654176837,
            2.5149070654176837,
            2.5149070654176837,
            2.5149070654176837
        ],
        [
            2.5149070654176837,
            2.5149070654176837,
            2.5149070654176837,
            2.5149070654176837,
            2.5149070654176837,
            2.5149070654176837,
            2.5149070654176837,
            2.5149070654176837,
            2.5149070654176837,
            2.5149070654176837,
            2.5149070654176837,
            2.5149070654176837,
            2.5149070654176837,
            2.5149070654176837,
            2.5149070654176837,
            2.5149070654176837,
            2.5149070654176837,
            2.4825270988738253,
            2.4825270988738253,
            2.4825270988738253,
            2.4825270988738253
        ],
        [
            2.4825270988738253,
            2.4825270988738253,
            2.4825270988738253,
            2.4825270988738253,
            2.4825270988738253,
            2.4825270988738253,
            2.4825270988738253,
            2.4825270988738253,
            2.4825270988738253,
            2.4825270988738253,
            2.4825270988738253,
            2.4825270988738253,
            2.4825270988738253,
            2.4825270988738253,
            2.4825270988738253,
            2.4825270988738253,
            2.4825270988738253,
            2.4825270988738253,
            2.4825270988738253,
            2.4825270988738253,
            2.4825270988738253
        ],
        [
            2.4825270988738253,
            2.4825270988738253,
            2.4825270988738253,
            2.4825270988738253,
            2.4825270988738253,
            2.4825270988738253,
            2.4825270988738253,
            2.4825270988738253,
            2.4825270988738253,
            2.4825270988738253,
            2.4825270988738253,
            2.4825270988738253,
            2.4825270988738253,
            2.4825270988738253,
            2.4825270988738253,
            2.4825270988738253,
            2.4825270988738253,
            2.4825270988738253,
            2.4825270988738253,
            2.4825270988738253,
            2.4825270988738253
        ],
        [
            2.4825270988738253,
            2.4825270988738253,
            2.4825270988738253,
            2.4825270988738253,
            2.4825270988738253,
            2.4825270988738253,
            2.4825270988738253,
            2.4825270988738253,
            2.4825270988738253,
            2.4825270988738253,
            2.4825270988738253,
            2.4825270988738253,
            2.4825270988738253,
            2.4825270988738253,
            2.4825270988738253,
            2.4825270988738253,
            2.4825270988738253,
            2.4825270988738253,
            2.4825270988738253,
            2.4825270988738253,
            2.4825270988738253
        ],
        [
            2.4825270988738253,
            2.4825270988738253,
            2.4825270988738253,
            2.4825270988738253,
            2.4825270988738253,
            2.4825270988738253,
            2.4825270988738253,
            2.4825270988738253,
            2.4825270988738253,
            2.4825270988738253,
            2.4825270988738253,
            2.4825270988738253,
            2.4825270988738253,
            2.4188648718525485,
            2.4188648718525485,
            2.4188648718525485,
            2.4188648718525485,
            2.4188648718525485,
            2.4188648718525485,
            2.4188648718525485,
            2.4188648718525485
        ],
        [
            2.4188648718525485,
            2.4188648718525485,
            2.4188648718525485,
            2.4188648718525485,
            2.4188648718525485,
            2.4188648718525485,
            2.4188648718525485,
            2.4188648718525485,
            2.4188648718525485,
            2.4188648718525485,
            2.4188648718525485,
            2.4188648718525485,
            2.4188648718525485,
            2.4188648718525485,
            2.4188648718525485,
            2.4188648718525485,
            2.4188648718525485,
            2.4188648718525485,
            2.4188648718525485,
            2.4188648718525485,
            2.4188648718525485
        ],
        [
            2.4188648718525485,
            2.4188648718525485,
            2.4188648718525485,
            2.4188648718525485,
            2.4188648718525485,
            2.4188648718525485,
            2.4188648718525485,
            2.4188648718525485,
            2.4188648718525485,
            2.4188648718525485,
            2.4188648718525485,
            2.4188648718525485,
            2.4188648718525485,
            2.4188648718525485,
            2.4188648718525485,
            2.4188648718525485,
            2.4188648718525485,
            2.4188648718525485,
            2.4188648718525485,
            2.4188648718525485,
            2.4188648718525485
        ],
        [
            2.4188648718525485,
            2.4188648718525485,
            2.4188648718525485,
            2.4188648718525485,
            2.4188648718525485,
            2.4188648718525485,
            2.4188648718525485,
            2.4188648718525485,
            2.4188648718525485,
            2.4188648718525485,
            2.4188648718525485,
            2.4188648718525485,
            2.4188648718525485,
            2.4188648718525485,
            2.4188648718525485,
            2.4188648718525485,
            2.4188648718525485,
            2.4188648718525485,
            2.4188648718525485,
            2.4188648718525485,
