{
    "index": [
        0,
        1,
        2,
        3,
        4,
        5,
        6,
        7,
        8,
        9,
        10
    ],
    "columns": [
        0,
        1,
        2,
        3,
        4,
        5,
        6,
        7,
        8,
        9,
        10,
        11,
        12,
        13,
        14,
        15,
        16,
        17,
        18,
        19,
        20
    ],
    "data": [
        [
            2.561680172130751,
            2.561680172130751,
            2.561680172130751,
            2.561680172130751,
            2.561680172130751,
            2.561680172130751,
            2.561680172130751,
            2.561680172130751,
            2.561680172130751,
            2.561680172130751,
            2.561680172130751,
            2.561680172130751,
            2.561680172130751,
            2.561680172130751,
            2.561680172130751,
            2.561680172130751,
            2.561680172130751,
            2.561680172130751,
            2.561680172130751,
            2.561680172130751,
            2.561680172130751
        ],
        [
            2.561680172130751,
            2.561680172130751,
            2.561680172130751,
            2.561680172130751,
            2.561680172130751,
            2.561680172130751,
            2.561680172130751,
            2.561680172130751,
            2.561680172130751,
            2.561680172130751,
            2.561680172130751,
            2.561680172130751,
            2.561680172130751,
            2.561680172130751,
            2.561680172130751,
            2.561680172130751,
            2.561680172130751,
            2.561680172130751,
            2.561680172130751,
            2.561680172130751,
            2.561680172130751
        ],
        [
            2.561680172130751,
            2.561680172130751,
            2.561680172130751,
            2.561680172130751,
            2.561680172130751,
            2.561680172130751,
            2.561680172130751,
            2.561680172130751,
            2.561680172130751,
            2.561680172130751,
            2.561680172130751,
            2.561680172130751,
            2.561680172130751,
            2.561680172130751,
            2.561680172130751,
            2.561680172130751,
            2.561680172130751,
            2.561680172130751,
            2.561680172130751,
            2.561680172130751,
            2.561680172130751
        ],
        [
            2.561680172130751,
            2.561680172130751,
            2.561680172130751,
            2.561680172130751,
            2.561680172130751,
            2.561680172130751,
            2.561680172130751,
            2.561680172130751,
            2.561680172130751,
            2.561680172130751,
            2.561680172130751,
            2.561680172130751,
            2.561680172130751,
            2.561680172130751,
            2.561680172130751,
            2.561680172130751,
            2.561680172130751,
            2.5037771972428278,
            2.5037771972428278,
            2.5037771972428278,
            2.5037771972428278
        ],
        [
            2.5037771972428278,
            2.5037771972428278,
            2.5037771972428278,
            2.5037771972428278,
            2.5037771972428278,
            2.5037771972428278,
            2.5037771972428278,
            2.5037771972428278,
            2.5037771972428278,
            2.5037771972428278,
            2.5037771972428278,
            2.5037771972428278,
            2.5037771972428278,
            2.5037771972428278,
            2.5037771972428278,
            2.5037771972428278,
            2.5037771972428278,
            2.5037771972428278,
            2.5037771972428278,
            2.5037771972428278,
            2.5037771972428278
        ],
        [
            2.5037771972428278,
            2.5037771972428278,
            2.5037771972428278,
            2.5037771972428278,
            2.5037771972428278,
            2.5037771972428278,
            2.5037771972428278,
            2.5037771972428278,
            2.5037771972428278,
            2.5037771972428278,
            2.5037771972428278,
            2.5037771972428278,
            2.5037771972428278,
            2.5037771972428278,
            2.5037771972428278,
            2.5037771972428278,
            2.5037771972428278,
            2.5037771972428278,
            2.5037771972428278,
            2.5037771972428278,
            2.5037771972428278
        ],
        [
            2.5037771972428278,
            2.5037771972428278,
            2.5037771972428278,
            2.5037771972428278,
            2.5037771972428278,
            2.5037771972428278,
            2.5037771972428278,
            2.5037771972428278,
            2.5037771972428278,
            2.5037771972428278,
            2.5037771972428278,
            2.5037771972428278,
            2.5037771972428278,
            2.5037771972428278,
            2.5037771972428278,
            2.5037771972428278,
            2.5037771972428278,
            2.5037771972428278,
            2.5037771972428278,
            2.5037771972428278,
            2.5037771972428278
        ],
        [
            2.5037771972428278,
            2.5037771972428278,
            2.5037771972428278,
            2.5037771972428278,
            2.5037771972428278,
            2.5037771972428278,
            2.5037771972428278,
            2.5037771972428278,
            2.5037771972428278,
            2.5037771972428278,
            2.5037771972428278,
            2.5037771972428278,
            2.5037771972428278,
            2.5745227054768653,
            2.5745227054768653,
            2.5745227054768653,
            2.5745227054768653,
            2.5745227054768653,
            2.5745227054768653,
            2.5745227054768653,
            2.5745227054768653
        ],
        [
            2.5745227054768653,
            2.5745227054768653,
            2.5745227054768653,
            2.5745227054768653,
            2.5745227054768653,
            2.5745227054768653,
            2.5745227054768653,
            2.5745227054768653,
            2.5745227054768653,
            2.5745227054768653,
            2.5745227054768653,
            2.5745227054768653,
            2.5745227054768653,
            2.5745227054768653,
            2.5745227054768653,
            2.5745227054768653,
            2.5745227054768653,
            2.5745227054768653,
            2.5745227054768653,
            2.5745227054768653,
            2.5745227054768653
        ],
        [
            2.5745227054768653,
            2.5745227054768653,
            2.5745227054768653,
            2.5745227054768653,
            2.5745227054768653,
            2.5745227054768653,
            2.5745227054768653,
            2.5745227054768653,
            2.5745227054768653,
            2.5745227054768653,
            2.5745227054768653,
            2.5745227054768653,
            2.5745227054768653,
            2.5745227054768653,
            2.5745227054768653,
            2.5745227054768653,
            2.5745227054768653,
            2.5745227054768653,
            2.5745227054768653,
            2.5745227054768653,
            2.5745227054768653
        ],
        [
            2.5745227054768653,
            2.5745227054768653,
            2.5745227054768653,
            2.5745227054768653,
            2.5745227054768653,
            2.5745227054768653,
            2.5745227054768653,
            2.5745227054768653,
            2.5745227054768653,
            2.5745227054768653,
            2.5745227054768653,
            2.5745227054768653,
            2.5745227054768653,
            2.5745227054768653,
            2.5745227054768653,
            2.5745227054768653,
            2.5745227054768653,
            2.5745227054768653,
            2.5745227054768653,
            2.5745227054768653,
            2.5745227054768653
        ]
    ]
}