{
    "index": [
        0,
        1,
        2,
        3,
        4,
        5,
        6,
        7,
        8,
        9,
        10
    ],
    "columns": [
        0,
        1,
        2,
        3,
        4,
        5,
        6,
        7,
        8,
        9,
        10,
        11,
        12,
        13,
        14,
        15,
        16,
        17,
        18,
        19,
        20
    ],
    "data": [
        [
            2.4384407284344554,
            2.4384407284344554,
            2.4384407284344554,
            2.4384407284344554,
            2.4384407284344554,
            2.4384407284344554,
            2.4384407284344554,
            2.4384407284344554,
            2.4384407284344554,
            2.4384407284344554,
            2.4384407284344554,
            2.4384407284344554,
            2.4384407284344554,
            2.4384407284344554,
            2.4384407284344554,
            2.4384407284344554,
            2.4384407284344554,
            2.4384407284344554,
            2.4384407284344554,
            2.4384407284344554,
            2.4384407284344554
        ],
        [
            2.4384407284344554,
            2.4384407284344554,
            2.4384407284344554,
            2.4384407284344554,
            2.4384407284344554,
            2.4384407284344554,
            2.4384407284344554,
            2.4384407284344554,
            2.4384407284344554,
            2.4384407284344554,
            2.4384407284344554,
            2.4384407284344554,
            2.4384407284344554,
            2.4384407284344554,
            2.4384407284344554,
            2.4384407284344554,
            2.4384407284344554,
            2.4384407284344554,
            2.4384407284344554,
            2.4384407284344554,
            2.4384407284344554
        ],
        [
            2.4384407284344554,
            2.4384407284344554,
            2.4384407284344554,
            2.4384407284344554,
            2.4384407284344554,
            2.4384407284344554,
            2.4384407284344554,
            2.4384407284344554,
            2.4384407284344554,
            2.4384407284344554,
            2.4384407284344554,
            2.4384407284344554,
            2.4384407284344554,
            2.4384407284344554,
            2.4384407284344554,
            2.4384407284344554,
            2.4384407284344554,
            2.4384407284344554,
            2.4384407284344554,
            2.4384407284344554,
            2.4384407284344554
        ],
        [
            2.4384407284344554,
            2.4384407284344554,
            2.4384407284344554,
            2.4384407284344554,
            2.4384407284344554,
            2.4384407284344554,
            2.4384407284344554,
            2.4384407284344554,
            2.4384407284344554,
            2.4384407284344554,
            2.4384407284344554,
            2.4384407284344554,
            2.4384407284344554,
            2.4384407284344554,
            2.4384407284344554,
            2.4384407284344554,
            2.4384407284344554,
            2.574484335607367,
            2.574484335607367,
            2.574484335607367,
            2.574484335607367
        ],
        [
            2.574484335607367,
            2.574484335607367,
            2.574484335607367,
            2.574484335607367,
            2.574484335607367,
            2.574484335607367,
            2.574484335607367,
            2.574484335607367,
            2.574484335607367,
            2.574484335607367,
            2.574484335607367,
            2.574484335607367,
            2.574484335607367,
            2.574484335607367,
            2.574484335607367,
            2.574484335607367,
            2.574484335607367,
            2.574484335607367,
            2.574484335607367,
            2.574484335607367,
            2.574484335607367
        ],
        [
            2.574484335607367,
            2.574484335607367,
            2.574484335607367,
            2.574484335607367,
            2.574484335607367,
            2.574484335607367,
            2.574484335607367,
            2.574484335607367,
            2.574484335607367,
            2.574484335607367,
            2.574484335607367,
            2.574484335607367,
            2.574484335607367,
            2.574484335607367,
            2.574484335607367,
            2.574484335607367,
            2.574484335607367,
            2.574484335607367,
            2.574484335607367,
            2.574484335607367,
            2.574484335607367
        ],
        [
            2.574484335607367,
            2.574484335607367,
            2.574484335607367,
            2.574484335607367,
            2.574484335607367,
            2.574484335607367,
            2.574484335607367,
            2.574484335607367,
            2.574484335607367,
            2.574484335607367,
            2.574484335607367,
            2.574484335607367,
            2.574484335607367,
            2.574484335607367,
            2.574484335607367,
            2.574484335607367,
            2.574484335607367,
            2.574484335607367,
            2.574484335607367,
            2.574484335607367,
            2.574484335607367
        ],
        [
            2.574484335607367,
            2.574484335607367,
            2.574484335607367,
            2.574484335607367,
            2.574484335607367,
            2.574484335607367,
            2.574484335607367,
            2.574484335607367,
            2.574484335607367,
            2.574484335607367,
            2.574484335607367,
            2.574484335607367,
            2.574484335607367,
            2.629959613277133,
            2.629959613277133,
            2.629959613277133,
            2.629959613277133,
            2.629959613277133,
            2.629959613277133,
            2.629959613277133,
            2.629959613277133
        ],
        [
            2.629959613277133,
            2.629959613277133,
            2.629959613277133,
            2.629959613277133,
            2.629959613277133,
            2.629959613277133,
            2.629959613277133,
            2.629959613277133,
            2.629959613277133,
            2.629959613277133,
            2.629959613277133,
            2.629959613277133,
            2.629959613277133,
            2.629959613277133,
            2.629959613277133,
            2.629959613277133,
            2.629959613277133,
            2.629959613277133,
            2.629959613277133,
            2.629959613277133,
            2.629959613277133
        ],
        [
            2.629959613277133,
            2.629959613277133,
            2.629959613277133,
            2.629959613277133,
            2.629959613277133,
            2.629959613277133,
            2.629959613277133,
            2.629959613277133,
            2.629959613277133,
            2.629959613277133,
            2.629959613277133,
            2.629959613277133,
            2.629959613277133,
            2.629959613277133,
            2.629959613277133,
            2.629959613277133,
            2.629959613277133,
            2.629959613277133,
            2.629959613277133,
            2.629959613277133,
            2.629959613277133
        ],
        [
            2.629959613277133,
            2.629959613277133,
            2.629959613277133,
            2.629959613277133,
            2.629959613277133,
            2.629959613277133,
            2.629959613277133,
            2.629959613277133,
            2.629959613277133,
            2.629959613277133,
            2.629959613277133,
            2.629959613277133,
            2.629959613277133,
            2.629959613277133,
            2.629959613277133,
            2.629959613277133,
            2.629959613277133,
            2.629959613277133,
            2.629959613277133,
            2.629959613277133,
            2.629959613277133
        ]
    ]
}